<?xml version="1.0" encoding="UTF-8"?>
<!-- Copyright 2014 Tony Bybell <bybell@rocketmail.com> -->
<component type="desktop">
  <id>io.github.gtkwave.GTKWave</id>
  <metadata_license>CC0-1.0</metadata_license>
  <project_license>GPL-2.0-or-later</project_license>
  <name>GTKWave</name>
  <developer_name>Tony Bybell</developer_name>
  <update_contact>bybell@rocketmail.com</update_contact>
  <summary>Electronic waveform viewer for viewing simulation results</summary>
  <description>
    <p>
      GTKWave is a fully featured GTK+ based waveform viewer which reads FST and
      GHW files as well as standard Verilog VCD/EVCD files and allows their viewing.
    </p>
    <p>
      The viewer supports both post-mortem viewing of VCD files and interactive viewing of VCD data.
      Tcl scripting and callback capability allow for remote control by other applications.
    </p>
  </description>

  <launchable type="desktop-id">io.github.gtkwave.GTKWave.desktop</launchable>

  <url type="homepage">http://gtkwave.sourceforge.net/</url>
  <url type="bugtracker">https://github.com/gtkwave/gtkwave/issues</url>
  <url type="help">https://github.com/gtkwave/gtkwave</url>

  <screenshots>
    <screenshot type="default">
      <image>http://gtkwave.sourceforge.net/gtkwave-appdata.png</image>
    </screenshot>
  </screenshots>

  <content_rating type="oars-1.0" />

  <releases>
    <release version="3.3.117" date="2023-08-14">
    </release>
    <release version="3.3.116" date="2023-07-23">
    </release>
    <release version="3.3.115" date="2023-06-26">
    </release>
    <release version="3.3.114" date="2023-03-22">
    </release>
    <release version="3.3.111" date="2021-09-02">
      <description>
        <ul>
            <li>Rendering fix for filled rectangles and line caps in Cairo.</li>
            <li>Fix in fstapi for read start limit time.</li>
            <li>Use GtkSearchEntry in SST.</li>
            <li>Convert entrybox to use dialog box.</li>
            <li>Entrybox: use default response instead of signal handler.</li>
            <li>Updated show-change widget.</li>
            <li>Fix xml2stems when begin blocks are in functions.</li>
            <li>Skip over decimal point in timescale in viewer.</li>
        </ul>
      </description>
    </release>
   </releases>
</component>
